<?xml version="1.0" encoding="UTF-8"?>
<empresa xmlns:xsi="http://www.w3.org/2001/XMLSchema-instance" 
      xmlns="http://www.BikeOnTrack.com/Empresa"
      xmlns:datas="http://www.BikeOnTrack.com/Datas"
      xsi:schemaLocation="http://www.BikeOnTrack.com/Empresa empresa.xsd">
      
    <nomeEmpresa>Bike On Track</nomeEmpresa>
    <NIF_Empresa>123456789</NIF_Empresa>
    <MoradaEmpresa>Rua das Flores e das Camélias</MoradaEmpresa>
    <ContactosEmpresa>
        <Numero>912222222</Numero>
        <Email>estamosfudidos@gmail.com</Email>
    </ContactosEmpresa>
    <datas>
        <dataInicio>2011-05-31 00:00:00.000</dataInicio>
        <dataFim>2012-05-29 00:00:00.000</dataFim>
        <moeda>
            <taxas>
                <CurrencyRateID></CurrencyRateID>
                <CurrencyRateDate></CurrencyRateDate>
                <FromCurrencyCode></FromCurrencyCode>
                <ToCurrencyCode></ToCurrencyCode>
                <RateVal></RateVal>
            </taxas>
        </moeda>
        <dataGeracao></dataGeracao>
    </datas>
</empresa>